<?xml version="1.0" encoding="UTF-8"?>
<root>
  <item name="eu.davidea.flexibleadapter.helpers.UndoHelper eu.davidea.flexibleadapter.helpers.UndoHelper withAction(int) 0">
    <annotation name="androidx.annotation.IntDef">
      <val name="value" val="{eu.davidea.flexibleadapter.helpers.UndoHelper.Action.REMOVE, eu.davidea.flexibleadapter.helpers.UndoHelper.Action.UPDATE}" />
    </annotation>
  </item>
  <item name="eu.davidea.flexibleadapter.helpers.UndoHelper mAction">
    <annotation name="androidx.annotation.IntDef">
      <val name="value" val="{eu.davidea.flexibleadapter.helpers.UndoHelper.Action.REMOVE, eu.davidea.flexibleadapter.helpers.UndoHelper.Action.UPDATE}" />
    </annotation>
  </item>
  <item name="eu.davidea.flexibleadapter.helpers.UndoHelper.Action">
    <annotation name="androidx.annotation.IntDef">
      <val name="value" val="{eu.davidea.flexibleadapter.helpers.UndoHelper.Action.REMOVE, eu.davidea.flexibleadapter.helpers.UndoHelper.Action.UPDATE}" />
    </annotation>
  </item>
  <item name="eu.davidea.flexibleadapter.helpers.UndoHelper.OnActionListener void onActionCanceled(int, java.util.List&lt;java.lang.Integer&gt;) 0">
    <annotation name="androidx.annotation.IntDef">
      <val name="value" val="{eu.davidea.flexibleadapter.helpers.UndoHelper.Action.REMOVE, eu.davidea.flexibleadapter.helpers.UndoHelper.Action.UPDATE}" />
    </annotation>
  </item>
  <item name="eu.davidea.flexibleadapter.helpers.UndoHelper.OnActionListener void onActionConfirmed(int, int) 0">
    <annotation name="androidx.annotation.IntDef">
      <val name="value" val="{eu.davidea.flexibleadapter.helpers.UndoHelper.Action.REMOVE, eu.davidea.flexibleadapter.helpers.UndoHelper.Action.UPDATE}" />
    </annotation>
  </item>
</root>

