<?xml version="1.0" encoding="UTF-8"?>
<root>
  <item name="com.github.islamkhsh.viewpager2.CompositeOnPageChangeCallback void onPageScrollStateChanged(int) 0">
    <annotation name="androidx.annotation.IntDef">
      <val name="value" val="{com.github.islamkhsh.viewpager2.ViewPager2.SCROLL_STATE_IDLE, com.github.islamkhsh.viewpager2.ViewPager2.SCROLL_STATE_DRAGGING, com.github.islamkhsh.viewpager2.ViewPager2.SCROLL_STATE_SETTLING}" />
    </annotation>
  </item>
  <item name="com.github.islamkhsh.viewpager2.ScrollEventAdapter mAdapterState">
    <annotation name="androidx.annotation.IntDef">
      <val name="value" val="{com.github.islamkhsh.viewpager2.ScrollEventAdapter.STATE_IDLE, com.github.islamkhsh.viewpager2.ScrollEventAdapter.STATE_IN_PROGRESS_MANUAL_DRAG, com.github.islamkhsh.viewpager2.ScrollEventAdapter.STATE_IN_PROGRESS_SMOOTH_SCROLL, com.github.islamkhsh.viewpager2.ScrollEventAdapter.STATE_IN_PROGRESS_IMMEDIATE_SCROLL, com.github.islamkhsh.viewpager2.ScrollEventAdapter.STATE_IN_PROGRESS_FAKE_DRAG}" />
    </annotation>
  </item>
  <item name="com.github.islamkhsh.viewpager2.ScrollEventAdapter mScrollState">
    <annotation name="androidx.annotation.IntDef">
      <val name="value" val="{com.github.islamkhsh.viewpager2.ViewPager2.SCROLL_STATE_IDLE, com.github.islamkhsh.viewpager2.ViewPager2.SCROLL_STATE_DRAGGING, com.github.islamkhsh.viewpager2.ViewPager2.SCROLL_STATE_SETTLING}" />
    </annotation>
  </item>
  <item name="com.github.islamkhsh.viewpager2.ScrollEventAdapter void dispatchStateChanged(int) 0">
    <annotation name="androidx.annotation.IntDef">
      <val name="value" val="{com.github.islamkhsh.viewpager2.ViewPager2.SCROLL_STATE_IDLE, com.github.islamkhsh.viewpager2.ViewPager2.SCROLL_STATE_DRAGGING, com.github.islamkhsh.viewpager2.ViewPager2.SCROLL_STATE_SETTLING}" />
    </annotation>
  </item>
  <item name="com.github.islamkhsh.viewpager2.ViewPager2 int getOrientation()">
    <annotation name="androidx.annotation.IntDef">
      <val name="value" val="{com.github.islamkhsh.viewpager2.ViewPager2.ORIENTATION_HORIZONTAL, com.github.islamkhsh.viewpager2.ViewPager2.ORIENTATION_VERTICAL}" />
    </annotation>
  </item>
  <item name="com.github.islamkhsh.viewpager2.ViewPager2 int getScrollState()">
    <annotation name="androidx.annotation.IntDef">
      <val name="value" val="{com.github.islamkhsh.viewpager2.ViewPager2.SCROLL_STATE_IDLE, com.github.islamkhsh.viewpager2.ViewPager2.SCROLL_STATE_DRAGGING, com.github.islamkhsh.viewpager2.ViewPager2.SCROLL_STATE_SETTLING}" />
    </annotation>
  </item>
  <item name="com.github.islamkhsh.viewpager2.ViewPager2 void setOrientation(int) 0">
    <annotation name="androidx.annotation.IntDef">
      <val name="value" val="{com.github.islamkhsh.viewpager2.ViewPager2.ORIENTATION_HORIZONTAL, com.github.islamkhsh.viewpager2.ViewPager2.ORIENTATION_VERTICAL}" />
    </annotation>
  </item>
  <item name="com.github.islamkhsh.viewpager2.ViewPager2.OnPageChangeCallback void onPageScrollStateChanged(int) 0">
    <annotation name="androidx.annotation.IntDef">
      <val name="value" val="{com.github.islamkhsh.viewpager2.ViewPager2.SCROLL_STATE_IDLE, com.github.islamkhsh.viewpager2.ViewPager2.SCROLL_STATE_DRAGGING, com.github.islamkhsh.viewpager2.ViewPager2.SCROLL_STATE_SETTLING}" />
    </annotation>
  </item>
  <item name="com.github.islamkhsh.viewpager2.ViewPager2.Orientation">
    <annotation name="androidx.annotation.IntDef">
      <val name="value" val="{com.github.islamkhsh.viewpager2.ViewPager2.ORIENTATION_HORIZONTAL, com.github.islamkhsh.viewpager2.ViewPager2.ORIENTATION_VERTICAL}" />
    </annotation>
  </item>
  <item name="com.github.islamkhsh.viewpager2.ViewPager2.ScrollState">
    <annotation name="androidx.annotation.IntDef">
      <val name="value" val="{com.github.islamkhsh.viewpager2.ViewPager2.SCROLL_STATE_IDLE, com.github.islamkhsh.viewpager2.ViewPager2.SCROLL_STATE_DRAGGING, com.github.islamkhsh.viewpager2.ViewPager2.SCROLL_STATE_SETTLING}" />
    </annotation>
  </item>
</root>

