<?xml version="1.0" encoding="UTF-8"?>
<root>
  <item name="com.download.library.DownloadStatusListener void onDownloadStatusChanged(com.download.library.Extra, int) 1">
    <annotation name="androidx.annotation.IntDef">
      <val name="value" val="{com.download.library.DownloadTask.STATUS_NEW, com.download.library.DownloadTask.STATUS_PENDDING, com.download.library.DownloadTask.STATUS_DOWNLOADING, com.download.library.DownloadTask.STATUS_PAUSING, com.download.library.DownloadTask.STATUS_PAUSED, com.download.library.DownloadTask.STATUS_SUCCESSFUL, com.download.library.DownloadTask.STATUS_CANCELED, com.download.library.DownloadTask.STATUS_ERROR}" />
    </annotation>
  </item>
  <item name="com.download.library.DownloadTask void setStatus(int) 0">
    <annotation name="androidx.annotation.IntDef">
      <val name="value" val="{com.download.library.DownloadTask.STATUS_NEW, com.download.library.DownloadTask.STATUS_PENDDING, com.download.library.DownloadTask.STATUS_DOWNLOADING, com.download.library.DownloadTask.STATUS_PAUSING, com.download.library.DownloadTask.STATUS_PAUSED, com.download.library.DownloadTask.STATUS_SUCCESSFUL, com.download.library.DownloadTask.STATUS_CANCELED, com.download.library.DownloadTask.STATUS_ERROR}" />
    </annotation>
  </item>
</root>

